[
  {
    "line": 1,
    "elements": [
      {
        "before": [
          {
            "result": {
              "duration": 327530,
              "status": "passed"
            },
            "match": {
              "location": "Hooks.setUp()"
            }
          }
        ],
        "line": 2,
        "name": "Open assessment page and verify values",
        "description": "",
        "id": "totalbalancetable;open-assessment-page-and-verify-values",
        "after": [
          {
            "result": {
              "duration": 127613099,
              "status": "passed"
            },
            "match": {
              "location": "Hooks.tearDown()"
            }
          }
        ],
        "type": "scenario",
        "keyword": "Scenario",
        "steps": [
          {
            "result": {
              "duration": 1412624878,
              "status": "passed"
            },
            "line": 3,
            "name": "I have open the browser",
            "match": {
              "location": "VerifyAndAddSteps.openBrowser()"
            },
            "keyword": "Given "
          },
          {
            "result": {
              "duration": 215640446,
              "status": "passed"
            },
            "line": 4,
            "name": "I open the Mass Mutual Assessment URL",
            "match": {
              "location": "VerifyAndAddSteps.goToMassMutualAssessmentPage()"
            },
            "keyword": "When "
          },
          {
            "result": {
              "duration": 203559981,
              "status": "passed"
            },
            "line": 5,
            "name": "Verify the right count of values appear on the screen",
            "match": {
              "location": "VerifyAndAddSteps.rightCount()"
            },
            "keyword": "Then "
          },
          {
            "result": {
              "duration": 89315250,
              "status": "passed"
            },
            "line": 6,
            "name": "Verify the values are formatted as currencies",
            "match": {
              "location": "VerifyAndAddSteps.currencyFormat()"
            },
            "keyword": "And "
          },
          {
            "result": {
              "duration": 78207508,
              "status": "passed"
            },
            "line": 7,
            "name": "Verify the values on the screen are greater than 0",
            "match": {
              "location": "VerifyAndAddSteps.greaterThanZero()"
            },
            "keyword": "And "
          },
          {
            "result": {
              "duration": 45424355,
              "status": "passed"
            },
            "line": 8,
            "name": "Verify the total balance is correct based on the values listed on the screen",
            "match": {
              "location": "VerifyAndAddSteps.correctBalance()"
            },
            "keyword": "And "
          },
          {
            "result": {
              "duration": 42632749,
              "status": "passed"
            },
            "line": 9,
            "name": "Verify the total balance matches the sum of the values",
            "match": {
              "location": "VerifyAndAddSteps.totalBalance()"
            },
            "keyword": "And "
          }
        ]
      }
    ],
    "name": "TotalBalanceTable",
    "description": "",
    "id": "totalbalancetable",
    "keyword": "Feature",
    "uri": "verifyAndAdd.feature"
  }
]